first,last,email
Laurianne,Gutkowski,marilynebalistreri@zulauf.org
Edd,Gleason,mohammadmiller@williamson.io
Emmitt,Okuneva,louiegraham@kub.biz
Retha,Hickle,lexuscole@hayes.net
Catharine,Veum,vernkuvalis@beatty.io
Connie,Leffler,queeniekemmer@runte.com
Omer,Littel,constantinbernhard@monahan.name
Reanna,Hyatt,grantcorwin@cartwright.info
August,Hegmann,kennahodkiewicz@balistreri.net
Maureen,Rempel,jensensenger@donnelly.io
Marc,Gislason,zoeparisian@reinger.name
Dora,Rosenbaum,maximohoppe@mertz.org
Priscilla,Kunze,zenavolkman@crooks.net
Keon,Legros,meredithadams@bruen.info
Remington,Kling,rociohalvorson@sanford.com
Marisol,Keebler,jettgraham@dicki.io
Leanne,Fritsch,maybellegutkowski@fahey.org
Ena,Schoen,rosemariehudson@wiegand.org
Rhianna,Cremin,ernestkonopelski@wehner.info
